Workbook

Sheet Estatístico
B2: Estatístico — modelo de demonstração
B4: Dia do mês | C4: 27 | D4: ← o script só troca este número; o resto da aba é fórmula
B6: Indicador | C6: Hoje | D6: Acumulado no mês
B7: UH's no pool | C7: =INDEX('Lanç. Estatístico'!$B$5:$AF$5,$C$4) | D7: =SUM(OFFSET('Lanç. Estatístico'!$B$5,0,0,1,$C$4))
B8: UH's ocupadas | C8: =INDEX('Lanç. Estatístico'!$B$9:$AF$9,$C$4) | D8: =SUM(OFFSET('Lanç. Estatístico'!$B$9,0,0,1,$C$4))
B9: Ocupação | C9: =IF(C7=0,0,C8/C7) | D9: =IF(D7=0,0,D8/D7)
B10: Receita de hospedagem | C10: =SUM(INDEX('Lanç. Estatístico'!$B$17:$AF$24,0,$C$4)) | D10: =SUM(OFFSET('Lanç. Estatístico'!$B$17,0,0,8,$C$4))
B11: Diária média | C11: =IF(C8=0,0,C10/C8) | D11: =IF(D8=0,0,D10/D8)
B12: RevPAR | C12: =IF(C7=0,0,C10/C7) | D12: =IF(D7=0,0,D10/D7)
B13: Receita total | C13: =SUM(INDEX('Lanç. Estatístico'!$B$17:$AF$40,0,$C$4)) | D13: =SUM(OFFSET('Lanç. Estatístico'!$B$17,0,0,24,$C$4))
B15: Dados 100% fictícios, gerados por exemplos/gerar_exemplos.py

Sheet Lanç. Estatístico
A1: Lançamentos do mês — dia N fica na coluna N+1 (B = dia 1)
A3: Indicador | B3: 1 | C3: 2 | D3: 3 | E3: 4 | F3: 5 | G3: 6 | H3: 7 | I3: 8 | J3: 9 | K3: 10 | L3: 11 | M3: 12 | N3: 13 | O3: 14 | P3: 15 | Q3: 16 | R3: 17 | S3: 18 | T3: 19 | U3: 20 | V3: 21 | W3: 22 | X3: 23 | Y3: 24 | Z3: 25 | AA3: 26 | AB3: 27 | AC3: 28 | AD3: 29 | AE3: 30 | AF3: 31
A4: ESTATÍSTICAS
A5: UH's no pool | B5: 40 | C5: 40 | D5: 40 | E5: 40 | F5: 40 | G5: 40 | H5: 40 | I5: 40 | J5: 40 | K5: 40 | L5: 40 | M5: 40 | N5: 40 | O5: 40 | P5: 40 | Q5: 40 | R5: 40 | S5: 40 | T5: 40 | U5: 40 | V5: 40 | W5: 40 | X5: 40 | Y5: 40 | Z5: 40 | AA5: 40 | AB5: 40
A6: UH's em manutenção | B6: 0 | C6: 1 | D6: 0 | E6: 0 | F6: 1 | G6: 1 | H6: 0 | I6: 0 | J6: 0 | K6: 0 | L6: 0 | M6: 0 | N6: 1 | O6: 0 | P6: 0 | Q6: 0 | R6: 0 | S6: 1 | T6: 1 | U6: 1 | V6: 0 | W6: 1 | X6: 0 | Y6: 0 | Z6: 0 | AA6: 0 | AB6: 0
A7: UH's bloqueadas | B7: 1 | C7: 1 | D7: 1 | E7: 2 | F7: 0 | G7: 2 | H7: 2 | I7: 1 | J7: 1 | K7: 1 | L7: 0 | M7: 1 | N7: 2 | O7: 1 | P7: 1 | Q7: 0 | R7: 0 | S7: 0 | T7: 1 | U7: 2 | V7: 0 | W7: 1 | X7: 0 | Y7: 2 | Z7: 0 | AA7: 0 | AB7: 1
A8: UH's uso da casa | B8: 1 | C8: 1 | D8: 0 | E8: 0 | F8: 0 | G8: 1 | H8: 0 | I8: 1 | J8: 1 | K8: 0 | L8: 1 | M8: 1 | N8: 1 | O8: 1 | P8: 0 | Q8: 0 | R8: 1 | S8: 1 | T8: 1 | U8: 0 | V8: 1 | W8: 0 | X8: 0 | Y8: 1 | Z8: 1 | AA8: 0 | AB8: 1
A9: UH's ocupadas | B9: 29 | C9: 31 | D9: 28 | E9: 35 | F9: 25 | G9: 22 | H9: 27 | I9: 29 | J9: 29 | K9: 26 | L9: 32 | M9: 23 | N9: 34 | O9: 31 | P9: 27 | Q9: 30 | R9: 36 | S9: 32 | T9: 35 | U9: 25 | V9: 33 | W9: 25 | X9: 34 | Y9: 32 | Z9: 28 | AA9: 24 | AB9: 23
A10: Mensalistas | B10: 1 | C10: 1 | D10: 1 | E10: 1 | F10: 1 | G10: 1 | H10: 1 | I10: 1 | J10: 1 | K10: 1 | L10: 1 | M10: 1 | N10: 1 | O10: 1 | P10: 1 | Q10: 1 | R10: 1 | S10: 1 | T10: 1 | U10: 1 | V10: 1 | W10: 1 | X10: 1 | Y10: 1 | Z10: 1 | AA10: 1 | AB10: 1
A11: Cortesia + permuta | B11: 0 | C11: 0 | D11: 0 | E11: 1 | F11: 0 | G11: 1 | H11: 1 | I11: 1 | J11: 1 | K11: 0 | L11: 0 | M11: 1 | N11: 1 | O11: 1 | P11: 1 | Q11: 0 | R11: 1 | S11: 0 | T11: 1 | U11: 0 | V11: 1 | W11: 0 | X11: 1 | Y11: 1 | Z11: 0 | AA11: 0 | AB11: 0
A12: Walk-ins | B12: 3 | C12: 3 | D12: 3 | E12: 0 | F12: 1 | G12: 1 | H12: 1 | I12: 0 | J12: 3 | K12: 2 | L12: 1 | M12: 0 | N12: 0 | O12: 1 | P12: 3 | Q12: 3 | R12: 3 | S12: 1 | T12: 0 | U12: 1 | V12: 0 | W12: 0 | X12: 2 | Y12: 0 | Z12: 3 | AA12: 1 | AB12: 3
A13: Hóspedes adultos | B13: 48 | C13: 51 | D13: 45 | E13: 53 | F13: 44 | G13: 34 | H13: 46 | I13: 48 | J13: 46 | K13: 39 | L13: 49 | M13: 36 | N13: 56 | O13: 56 | P13: 41 | Q13: 54 | R13: 63 | S13: 53 | T13: 59 | U13: 38 | V13: 52 | W13: 40 | X13: 52 | Y13: 49 | Z13: 46 | AA13: 38 | AB13: 38
A14: Hóspedes crianças | B14: 1 | C14: 1 | D14: 4 | E14: 3 | F14: 4 | G14: 1 | H14: 2 | I14: 1 | J14: 2 | K14: 0 | L14: 3 | M14: 2 | N14: 2 | O14: 3 | P14: 4 | Q14: 1 | R14: 3 | S14: 4 | T14: 1 | U14: 3 | V14: 4 | W14: 3 | X14: 3 | Y14: 0 | Z14: 1 | AA14: 1 | AB14: 4
A16: RECEITAS
A17: Diárias | B17: 8514.98 | C17: 9449.59 | D17: 7789.56 | E17: 9999.73 | F17: 7393.95 | G17: 6843.95 | H17: 7963.84 | I17: 7878.33 | J17: 8422.79 | K17: 7085.3 | L17: 9528.15 | M17: 6178.01 | N17: 9415.23 | O17: 8128.6 | P17: 7394.81 | Q17: 7822.56 | R17: 10919.68 | S17: 9714.61 | T17: 10398.14 | U17: 7230.35 | V17: 9033.93 | W17: 7375.35 | X17: 9055.37 | Y17: 8431.26 | Z17: 8726.14 | AA17: 7278.81 | AB17: 6923.27
A18: Diárias - outras | B18: 0 | C18: 0 | D18: 0 | E18: 0 | F18: 0 | G18: 0 | H18: 0 | I18: 0 | J18: 0 | K18: 0 | L18: 0 | M18: 0 | N18: 0 | O18: 0 | P18: 0 | Q18: 0 | R18: 0 | S18: 0 | T18: 0 | U18: 0 | V18: 0 | W18: 0 | X18: 0 | Y18: 0 | Z18: 0 | AA18: 0 | AB18: 0
A19: Early check-in | B19: 0 | C19: 120 | D19: 0 | E19: 0 | F19: 0 | G19: 0 | H19: 120 | I19: 0 | J19: 0 | K19: 120 | L19: 0 | M19: 120 | N19: 120 | O19: 120 | P19: 120 | Q19: 120 | R19: 120 | S19: 120 | T19: 120 | U19: 0 | V19: 120 | W19: 0 | X19: 0 | Y19: 120 | Z19: 120 | AA19: 0 | AB19: 0
A20: Late check-out | B20: 0 | C20: 90 | D20: 90 | E20: 90 | F20: 0 | G20: 90 | H20: 90 | I20: 0 | J20: 0 | K20: 0 | L20: 90 | M20: 0 | N20: 90 | O20: 0 | P20: 90 | Q20: 90 | R20: 90 | S20: 0 | T20: 0 | U20: 90 | V20: 90 | W20: 90 | X20: 90 | Y20: 90 | Z20: 0 | AA20: 90 | AB20: 90
A21: Day use | B21: 0 | C21: 260 | D21: 130 | E21: 0 | F21: 0 | G21: 260 | H21: 130 | I21: 260 | J21: 260 | K21: 260 | L21: 130 | M21: 260 | N21: 260 | O21: 130 | P21: 260 | Q21: 260 | R21: 130 | S21: 130 | T21: 260 | U21: 260 | V21: 260 | W21: 260 | X21: 260 | Y21: 0 | Z21: 260 | AA21: 0 | AB21: 130
A22: No show | B22: 0 | C22: 0 | D22: 0 | E22: 0 | F22: 0 | G22: 289 | H22: 289 | I22: 0 | J22: 0 | K22: 0 | L22: 0 | M22: 0 | N22: 289 | O22: 0 | P22: 0 | Q22: 289 | R22: 289 | S22: 0 | T22: 0 | U22: 0 | V22: 0 | W22: 0 | X22: 0 | Y22: 0 | Z22: 0 | AA22: 0 | AB22: 289
A23: Estornos (hospedagem) | B23: 0 | C23: 0 | D23: 0 | E23: 0 | F23: -150 | G23: 0 | H23: -150 | I23: 0 | J23: 0 | K23: 0 | L23: 0 | M23: 0 | N23: 0 | O23: 0 | P23: 0 | Q23: 0 | R23: -150 | S23: -150 | T23: 0 | U23: 0 | V23: 0 | W23: 0 | X23: 0 | Y23: 0 | Z23: -150 | AA23: -150 | AB23: 0
A24: Mensalista | B24: 210 | C24: 210 | D24: 210 | E24: 210 | F24: 210 | G24: 210 | H24: 210 | I24: 210 | J24: 210 | K24: 210 | L24: 210 | M24: 210 | N24: 210 | O24: 210 | P24: 210 | Q24: 210 | R24: 210 | S24: 210 | T24: 210 | U24: 210 | V24: 210 | W24: 210 | X24: 210 | Y24: 210 | Z24: 210 | AA24: 210 | AB24: 210
A25: Taxa de ISS | B25: 425.75 | C25: 472.48 | D25: 389.48 | E25: 499.99 | F25: 369.7 | G25: 342.2 | H25: 398.19 | I25: 393.92 | J25: 421.14 | K25: 354.27 | L25: 476.41 | M25: 308.9 | N25: 470.76 | O25: 406.43 | P25: 369.74 | Q25: 391.13 | R25: 545.98 | S25: 485.73 | T25: 519.91 | U25: 361.52 | V25: 451.7 | W25: 368.77 | X25: 452.77 | Y25: 421.56 | Z25: 436.31 | AA25: 363.94 | AB25: 346.16
A26: Taxa de serviço | B26: 851.5 | C26: 944.96 | D26: 778.96 | E26: 999.97 | F26: 739.39 | G26: 684.39 | H26: 796.38 | I26: 787.83 | J26: 842.28 | K26: 708.53 | L26: 952.82 | M26: 617.8 | N26: 941.52 | O26: 812.86 | P26: 739.48 | Q26: 782.26 | R26: 1091.97 | S26: 971.46 | T26: 1039.81 | U26: 723.04 | V26: 903.39 | W26: 737.54 | X26: 905.54 | Y26: 843.13 | Z26: 872.61 | AA26: 727.88 | AB26: 692.33
A27: Telefonia | B27: 0 | C27: 0 | D27: 0 | E27: 0 | F27: 0 | G27: 0 | H27: 0 | I27: 0 | J27: 0 | K27: 0 | L27: 0 | M27: 0 | N27: 0 | O27: 0 | P27: 0 | Q27: 0 | R27: 0 | S27: 0 | T27: 0 | U27: 0 | V27: 0 | W27: 0 | X27: 0 | Y27: 0 | Z27: 0 | AA27: 0 | AB27: 0
A28: Taxa de turismo | B28: 58 | C28: 62 | D28: 56 | E28: 70 | F28: 50 | G28: 44 | H28: 54 | I28: 58 | J28: 58 | K28: 52 | L28: 64 | M28: 46 | N28: 68 | O28: 62 | P28: 54 | Q28: 60 | R28: 72 | S28: 64 | T28: 70 | U28: 50 | V28: 66 | W28: 50 | X28: 68 | Y28: 64 | Z28: 56 | AA28: 48 | AB28: 46
... A40: Estornos (outras receitas) | B40: 0 | C40: 0 | D40: 0 | E40: 0 | F40: -12 | G40: 0 | H40: 0 | I40: 0 | J40: 0 | K40: 0 | L40: 0 | M40: -12 | N40: 0 | O40: 0 | P40: 0 | Q40: 0 | R40: 0 | S40: 0 | T40: 0 | U40: -12 | V40: -12 | W40: -12 | X40: 0 | Y40: -12 | Z40: 0 | AA40: 0 | AB40: 0
A41: Total de receitas | B41: =SUM(B17:B40) | C41: =SUM(C17:C40) | D41: =SUM(D17:D40) | E41: =SUM(E17:E40) | F41: =SUM(F17:F40) | G41: =SUM(G17:G40) | H41: =SUM(H17:H40) | I41: =SUM(I17:I40) | ... AF41: =SUM(AF17:AF40)
A43: PREVISÃO TRÊS DIAS
A44: UH's no pool
A45: UH's ocupadas
A46: Diária média
A47: Hóspedes (adultos)
A94: CONTAS PENDENTES
AK95: Dia 1 - Qtd | AL95: Dia 1 - Débito | AM95: Dia 1 - Crédito | AN95: Dia 2 - Qtd | AO95: Dia 2 - Débito | AP95: Dia 2 - Crédito | AQ95: Dia 3 - Qtd | AR95: Dia 3 - Débito | AS95: Dia 3 - Crédito | AT95: Dia 4 - Qtd | AU95: Dia 4 - Débito | AV95: Dia 4 - Crédito | AW95: Dia 5 - Qtd | AX95: Dia 5 - Débito | AY95: Dia 5 - Crédito | AZ95: Dia 6 - Qtd | BA95: Dia 6 - Débito | BB95: Dia 6 - Crédito | BC95: Dia 7 - Qtd | BD95: Dia 7 - Débito | BE95: Dia 7 - Crédito | BF95: Dia 8 - Qtd | BG95: Dia 8 - Débito | BH95: Dia 8 - Crédito | BI95: Dia 9 - Qtd | BJ95: Dia 9 - Débito | BK95: Dia 9 - Crédito | BL95: Dia 10 - Qtd | BM95: Dia 10 - Débito | BN95: Dia 10 - Crédito | BO95: Dia 11 - Qtd | BP95: Dia 11 - Débito | BQ95: Dia 11 - Crédito | BR95: Dia 12 - Qtd | BS95: Dia 12 - Débito | BT95: Dia 12 - Crédito | BU95: Dia 13 - Qtd | BV95: Dia 13 - Débito | BW95: Dia 13 - Crédito | BX95: Dia 14 - Qtd | BY95: Dia 14 - Débito | BZ95: Dia 14 - Crédito | CA95: Dia 15 - Qtd | CB95: Dia 15 - Débito | CC95: Dia 15 - Crédito | CD95: Dia 16 - Qtd | CE95: Dia 16 - Débito | CF95: Dia 16 - Crédito | CG95: Dia 17 - Qtd | CH95: Dia 17 - Débito | CI95: Dia 17 - Crédito | CJ95: Dia 18 - Qtd | CK95: Dia 18 - Débito | CL95: Dia 18 - Crédito | CM95: Dia 19 - Qtd | CN95: Dia 19 - Débito | CO95: Dia 19 - Crédito | CP95: Dia 20 - Qtd | CQ95: Dia 20 - Débito | CR95: Dia 20 - Crédito | CS95: Dia 21 - Qtd | CT95: Dia 21 - Débito | CU95: Dia 21 - Crédito | CV95: Dia 22 - Qtd | CW95: Dia 22 - Débito | CX95: Dia 22 - Crédito | CY95: Dia 23 - Qtd | CZ95: Dia 23 - Débito | DA95: Dia 23 - Crédito | DB95: Dia 24 - Qtd | DC95: Dia 24 - Débito | DD95: Dia 24 - Crédito | DE95: Dia 25 - Qtd | DF95: Dia 25 - Débito | DG95: Dia 25 - Crédito | DH95: Dia 26 - Qtd | DI95: Dia 26 - Débito | DJ95: Dia 26 - Crédito | DK95: Dia 27 - Qtd | DL95: Dia 27 - Débito | DM95: Dia 27 - Crédito | DN95: Dia 28 - Qtd | DO95: Dia 28 - Débito | DP95: Dia 28 - Crédito | DQ95: Dia 29 - Qtd | DR95: Dia 29 - Débito | DS95: Dia 29 - Crédito | DT95: Dia 30 - Qtd | DU95: Dia 30 - Débito | DV95: Dia 30 - Crédito | DW95: Dia 31 - Qtd | DX95: Dia 31 - Débito | DY95: Dia 31 - Crédito
A96: Contas pendentes (qtd) | B96: 4 | C96: 4 | D96: 4 | E96: 5 | F96: 7 | G96: 7 | H96: 7 | I96: 5 | J96: 8 | K96: 9 | L96: 8 | M96: 4 | N96: 3 | O96: 8 | P96: 3 | Q96: 7 | R96: 9 | S96: 9 | T96: 3 | U96: 7 | V96: 8 | W96: 7 | X96: 8 | Y96: 8 | Z96: 8 | AA96: 7 | AB96: 3 | AK96: 4 | AL96: 7609.92 | AM96: 2836.52 | AN96: 4 | AO96: 3618.83 | AP96: 2928.82 | AQ96: 4 | AR96: 3910.55 | AS96: 2199.75 | AT96: 5 | AU96: 7844.38 | AV96: 2146.07 | AW96: 7 | AX96: 8746.14 | AY96: 3014.25 | AZ96: 7 | BA96: 6532.8 | BB96: 544.28 | BC96: 7 | BD96: 6272.32 | BE96: 1826.46 | BF96: 5 | BG96: 3551.17 | BH96: 2921.26 | BI96: 8 | BJ96: 6127.11 | BK96: 3160.73 | BL96: 9 | BM96: 5344.1 | BN96: 3377.4 | BO96: 8 | BP96: 3477.18 | BQ96: 2811.5 | BR96: 4 | BS96: 6533.44 | BT96: 3679.44 | BU96: 3 | BV96: 3602.47 | BW96: 2860.04 | BX96: 8 | BY96: 8616.35 | BZ96: 3347.48 | CA96: 3 | CB96: 8812.03 | CC96: 2631.05 | CD96: 7 | CE96: 5557.69 | CF96: 3577.64 | CG96: 9 | CH96: 7428.81 | CI96: 652.77 | CJ96: 9 | CK96: 8784.43 | CL96: 1684.96 | CM96: 3 | CN96: 4270.62 | CO96: 696.42 | CP96: 7 | CQ96: 3105.83 | CR96: 2046.05 | CS96: 8 | CT96: 5477.09 | CU96: 3664.54 | CV96: 7 | CW96: 8394.41 | CX96: 3406.65 | CY96: 8 | CZ96: 3636.75 | DA96: 587.59 | DB96: 8 | DC96: 7086.19 | DD96: 3598.95 | DE96: 8 | DF96: 3484.74 | DG96: 2738.23 | DH96: 7 | DI96: 4266.4 | DJ96: 1109.86 | DK96: 3 | DL96: 4254.78 | DM96: 1019.17

Sheet Análise detalhada
A1: Análise detalhada — dia N fica na linha N+4
A4: Dia | B4: Data | C4: UH's ocupadas | D4: Ocupação | U4: Permanência estendida | V4: Day use | W4: No show | X4: Saída antecipada | Y4: (manual) | Z4: (manual) | AA4: Reservas do dia para o dia | AB4: Check-ins realizados | AC4: Check-outs realizados | AD4: Ocupados grupos
A5: 1 | B5: =DATE(2026,9,A5) | C5: ='Lanç. Estatístico'!B9 | D5: =IF('Lanç. Estatístico'!B5=0,0,'Lanç. Estatístico'!B9/'Lanç. Estatístico'!B5) | U5: 0 | V5: 2 | W5: 2 | X5: 0 | AB5: 11 | AC5: 13 | AD5: 0
A6: 2 | B6: =DATE(2026,9,A6) | C6: ='Lanç. Estatístico'!C9 | D6: =IF('Lanç. Estatístico'!C5=0,0,'Lanç. Estatístico'!C9/'Lanç. Estatístico'!C5) | U6: 0 | V6: 2 | W6: 0 | X6: 0 | AB6: 7 | AC6: 12 | AD6: 0
A7: 3 | B7: =DATE(2026,9,A7) | C7: ='Lanç. Estatístico'!D9 | D7: =IF('Lanç. Estatístico'!D5=0,0,'Lanç. Estatístico'!D9/'Lanç. Estatístico'!D5) | U7: 0 | V7: 1 | W7: 1 | X7: 0 | AB7: 12 | AC7: 8 | AD7: 0
A8: 4 | B8: =DATE(2026,9,A8) | C8: ='Lanç. Estatístico'!E9 | D8: =IF('Lanç. Estatístico'!E5=0,0,'Lanç. Estatístico'!E9/'Lanç. Estatístico'!E5) | U8: 0 | V8: 2 | W8: 2 | X8: 0 | AB8: 6 | AC8: 11 | AD8: 0
A9: 5 | B9: =DATE(2026,9,A9) | C9: ='Lanç. Estatístico'!F9 | D9: =IF('Lanç. Estatístico'!F5=0,0,'Lanç. Estatístico'!F9/'Lanç. Estatístico'!F5) | U9: 0 | V9: 0 | W9: 1 | X9: 0 | AB9: 7 | AC9: 15 | AD9: 0
A10: 6 | B10: =DATE(2026,9,A10) | C10: ='Lanç. Estatístico'!G9 | D10: =IF('Lanç. Estatístico'!G5=0,0,'Lanç. Estatístico'!G9/'Lanç. Estatístico'!G5) | U10: 0 | V10: 1 | W10: 1 | X10: 0 | AB10: 7 | AC10: 12 | AD10: 0
A11: 7 | B11: =DATE(2026,9,A11) | C11: ='Lanç. Estatístico'!H9 | D11: =IF('Lanç. Estatístico'!H5=0,0,'Lanç. Estatístico'!H9/'Lanç. Estatístico'!H5) | U11: 0 | V11: 0 | W11: 1 | X11: 0 | AB11: 11 | AC11: 8 | AD11: 0
A12: 8 | B12: =DATE(2026,9,A12) | C12: ='Lanç. Estatístico'!I9 | D12: =IF('Lanç. Estatístico'!I5=0,0,'Lanç. Estatístico'!I9/'Lanç. Estatístico'!I5) | U12: 0 | V12: 1 | W12: 2 | X12: 0 | AB12: 15 | AC12: 11 | AD12: 0
A13: 9 | B13: =DATE(2026,9,A13) | C13: ='Lanç. Estatístico'!J9 | D13: =IF('Lanç. Estatístico'!J5=0,0,'Lanç. Estatístico'!J9/'Lanç. Estatístico'!J5) | U13: 0 | V13: 2 | W13: 1 | X13: 0 | AB13: 7 | AC13: 9 | AD13: 0
A14: 10 | B14: =DATE(2026,9,A14) | C14: ='Lanç. Estatístico'!K9 | D14: =IF('Lanç. Estatístico'!K5=0,0,'Lanç. Estatístico'!K9/'Lanç. Estatístico'!K5) | U14: 0 | V14: 1 | W14: 1 | X14: 0 | AB14: 7 | AC14: 15 | AD14: 0
A15: 11 | B15: =DATE(2026,9,A15) | C15: ='Lanç. Estatístico'!L9 | D15: =IF('Lanç. Estatístico'!L5=0,0,'Lanç. Estatístico'!L9/'Lanç. Estatístico'!L5) | U15: 0 | V15: 0 | W15: 0 | X15: 0 | AB15: 8 | AC15: 14 | AD15: 0
A16: 12 | B16: =DATE(2026,9,A16) | C16: ='Lanç. Estatístico'!M9 | D16: =IF('Lanç. Estatístico'!M5=0,0,'Lanç. Estatístico'!M9/'Lanç. Estatístico'!M5) | U16: 0 | V16: 0 | W16: 0 | X16: 0 | AB16: 6 | AC16: 8 | AD16: 0
A17: 13 | B17: =DATE(2026,9,A17) | C17: ='Lanç. Estatístico'!N9 | D17: =IF('Lanç. Estatístico'!N5=0,0,'Lanç. Estatístico'!N9/'Lanç. Estatístico'!N5) | U17: 0 | V17: 2 | W17: 2 | X17: 0 | AB17: 6 | AC17: 10 | AD17: 0
A18: 14 | B18: =DATE(2026,9,A18) | C18: ='Lanç. Estatístico'!O9 | D18: =IF('Lanç. Estatístico'!O5=0,0,'Lanç. Estatístico'!O9/'Lanç. Estatístico'!O5) | U18: 0 | V18: 2 | W18: 0 | X18: 0 | AB18: 13 | AC18: 7 | AD18: 0
A19: 15 | B19: =DATE(2026,9,A19) | C19: ='Lanç. Estatístico'!P9 | D19: =IF('Lanç. Estatístico'!P5=0,0,'Lanç. Estatístico'!P9/'Lanç. Estatístico'!P5) | U19: 0 | V19: 0 | W19: 2 | X19: 0 | AB19: 8 | AC19: 10 | AD19: 0
A20: 16 | B20: =DATE(2026,9,A20) | C20: ='Lanç. Estatístico'!Q9 | D20: =IF('Lanç. Estatístico'!Q5=0,0,'Lanç. Estatístico'!Q9/'Lanç. Estatístico'!Q5) | U20: 0 | V20: 0 | W20: 1 | X20: 0 | AB20: 12 | AC20: 11 | AD20: 0
A21: 17 | B21: =DATE(2026,9,A21) | C21: ='Lanç. Estatístico'!R9 | D21: =IF('Lanç. Estatístico'!R5=0,0,'Lanç. Estatístico'!R9/'Lanç. Estatístico'!R5) | U21: 0 | V21: 2 | W21: 1 | X21: 0 | AB21: 12 | AC21: 12 | AD21: 0
A22: 18 | B22: =DATE(2026,9,A22) | C22: ='Lanç. Estatístico'!S9 | D22: =IF('Lanç. Estatístico'!S5=0,0,'Lanç. Estatístico'!S9/'Lanç. Estatístico'!S5) | U22: 0 | V22: 2 | W22: 1 | X22: 0 | AB22: 7 | AC22: 11 | AD22: 0
A23: 19 | B23: =DATE(2026,9,A23) | C23: ='Lanç. Estatístico'!T9 | D23: =IF('Lanç. Estatístico'!T5=0,0,'Lanç. Estatístico'!T9/'Lanç. Estatístico'!T5) | U23: 0 | V23: 1 | W23: 1 | X23: 0 | AB23: 12 | AC23: 8 | AD23: 0
A24: 20 | B24: =DATE(2026,9,A24) | C24: ='Lanç. Estatístico'!U9 | D24: =IF('Lanç. Estatístico'!U5=0,0,'Lanç. Estatístico'!U9/'Lanç. Estatístico'!U5) | U24: 0 | V24: 1 | W24: 2 | X24: 0 | AB24: 10 | AC24: 12 | AD24: 0
A25: 21 | B25: =DATE(2026,9,A25) | C25: ='Lanç. Estatístico'!V9 | D25: =IF('Lanç. Estatístico'!V5=0,0,'Lanç. Estatístico'!V9/'Lanç. Estatístico'!V5) | U25: 0 | V25: 1 | W25: 0 | X25: 0 | AB25: 15 | AC25: 11 | AD25: 0
A26: 22 | B26: =DATE(2026,9,A26) | C26: ='Lanç. Estatístico'!W9 | D26: =IF('Lanç. Estatístico'!W5=0,0,'Lanç. Estatístico'!W9/'Lanç. Estatístico'!W5) | U26: 0 | V26: 1 | W26: 1 | X26: 0 | AB26: 10 | AC26: 11 | AD26: 0
A27: 23 | B27: =DATE(2026,9,A27) | C27: ='Lanç. Estatístico'!X9 | D27: =IF('Lanç. Estatístico'!X5=0,0,'Lanç. Estatístico'!X9/'Lanç. Estatístico'!X5) | U27: 0 | V27: 2 | W27: 1 | X27: 0 | AB27: 15 | AC27: 9 | AD27: 0
A28: 24 | B28: =DATE(2026,9,A28) | C28: ='Lanç. Estatístico'!Y9 | D28: =IF('Lanç. Estatístico'!Y5=0,0,'Lanç. Estatístico'!Y9/'Lanç. Estatístico'!Y5) | U28: 0 | V28: 2 | W28: 0 | X28: 0 | AB28: 13 | AC28: 15 | AD28: 0
A29: 25 | B29: =DATE(2026,9,A29) | C29: ='Lanç. Estatístico'!Z9 | D29: =IF('Lanç. Estatístico'!Z5=0,0,'Lanç. Estatístico'!Z9/'Lanç. Estatístico'!Z5) | U29: 0 | V29: 0 | W29: 0 | X29: 0 | AB29: 11 | AC29: 9 | AD29: 0
A30: 26 | B30: =DATE(2026,9,A30) | C30: ='Lanç. Estatístico'!AA9 | D30: =IF('Lanç. Estatístico'!AA5=0,0,'Lanç. Estatístico'!AA9/'Lanç. Estatístico'!AA5) | U30: 0 | V30: 0 | W30: 0 | X30: 0 | AB30: 12 | AC30: 14 | AD30: 0
A31: 27 | B31: =DATE(2026,9,A31) | C31: ='Lanç. Estatístico'!AB9 | D31: =IF('Lanç. Estatístico'!AB5=0,0,'Lanç. Estatístico'!AB9/'Lanç. Estatístico'!AB5) | U31: 0 | V31: 0 | W31: 1 | X31: 0 | AB31: 15 | AC31: 15 | AD31: 0
A32: 28 | B32: =DATE(2026,9,A32) | C32: ='Lanç. Estatístico'!AC9 | D32: =IF('Lanç. Estatístico'!AC5=0,0,'Lanç. Estatístico'!AC9/'Lanç. Estatístico'!AC5)
A33: 29 | B33: =DATE(2026,9,A33) | C33: ='Lanç. Estatístico'!AD9 | D33: =IF('Lanç. Estatístico'!AD5=0,0,'Lanç. Estatístico'!AD9/'Lanç. Estatístico'!AD5)
A34: 30 | B34: =DATE(2026,9,A34) | C34: ='Lanç. Estatístico'!AE9 | D34: =IF('Lanç. Estatístico'!AE5=0,0,'Lanç. Estatístico'!AE9/'Lanç. Estatístico'!AE5)
A35: 31 | B35: =DATE(2026,9,A35) | C35: ='Lanç. Estatístico'!AF9 | D35: =IF('Lanç. Estatístico'!AF5=0,0,'Lanç. Estatístico'!AF9/'Lanç. Estatístico'!AF5)
