Workbook

Sheet Controle
B2: Controle de Cartões — modelo de demonstração
C3: ← data da auditoria (preenchida pelo script)
B5: Bandeira | C5: Total relatório | D5: POS 1 | E5: Cancel. POS 1 | F5: POS 2 | G5: Cancel. POS 2 | H5: POS 3 | I5: Cancel. POS 3 | J5: Online (BEE2PAY / B2B / LINK) | K5: Cancel. online | L5: Total fechamentos | M5: Diferença | N5: Status
B6: AMEX | C6: =ROUND(SUMIFS(Comandas!$K:$K,Comandas!$H:$H,$B6),2) | D6: 0 | E6: 0 | F6: 0 | G6: 0 | H6: 0 | I6: 0 | J6: =ROUND(SUMIFS(Comandas!$K:$K,Comandas!$H:$H,$B6,Comandas!$I:$I,"ONLINE"),2) | K6: 0 | L6: =SUM(D6:K6) | M6: =L6-C6 | N6: =IF(ROUND(M6,2)=0,"OK","Justificar")
B7: MASTERCARD DÉBITO | C7: =ROUND(SUMIFS(Comandas!$K:$K,Comandas!$H:$H,$B7),2) | D7: 0 | E7: 0 | F7: 0 | G7: 0 | H7: 0 | I7: 0 | J7: =ROUND(SUMIFS(Comandas!$K:$K,Comandas!$H:$H,$B7,Comandas!$I:$I,"ONLINE"),2) | K7: 0 | L7: =SUM(D7:K7) | M7: =L7-C7 | N7: =IF(ROUND(M7,2)=0,"OK","Justificar")
B8: MASTERCARD CRÉDITO | C8: =ROUND(SUMIFS(Comandas!$K:$K,Comandas!$H:$H,$B8),2) | D8: 0 | E8: 0 | F8: 0 | G8: 0 | H8: 0 | I8: 0 | J8: =ROUND(SUMIFS(Comandas!$K:$K,Comandas!$H:$H,$B8,Comandas!$I:$I,"ONLINE"),2) | K8: 0 | L8: =SUM(D8:K8) | M8: =L8-C8 | N8: =IF(ROUND(M8,2)=0,"OK","Justificar")
B9: VISA DÉBITO | C9: =ROUND(SUMIFS(Comandas!$K:$K,Comandas!$H:$H,$B9),2) | D9: 0 | E9: 0 | F9: 0 | G9: 0 | H9: 0 | I9: 0 | J9: =ROUND(SUMIFS(Comandas!$K:$K,Comandas!$H:$H,$B9,Comandas!$I:$I,"ONLINE"),2) | K9: 0 | L9: =SUM(D9:K9) | M9: =L9-C9 | N9: =IF(ROUND(M9,2)=0,"OK","Justificar")
B10: VISA CRÉDITO | C10: =ROUND(SUMIFS(Comandas!$K:$K,Comandas!$H:$H,$B10),2) | D10: 0 | E10: 0 | F10: 0 | G10: 0 | H10: 0 | I10: 0 | J10: =ROUND(SUMIFS(Comandas!$K:$K,Comandas!$H:$H,$B10,Comandas!$I:$I,"ONLINE"),2) | K10: 0 | L10: =SUM(D10:K10) | M10: =L10-C10 | N10: =IF(ROUND(M10,2)=0,"OK","Justificar")
B11: ELO CRÉDITO | C11: =ROUND(SUMIFS(Comandas!$K:$K,Comandas!$H:$H,$B11),2) | D11: 0 | E11: 0 | F11: 0 | G11: 0 | H11: 0 | I11: 0 | J11: =ROUND(SUMIFS(Comandas!$K:$K,Comandas!$H:$H,$B11,Comandas!$I:$I,"ONLINE"),2) | K11: 0 | L11: =SUM(D11:K11) | M11: =L11-C11 | N11: =IF(ROUND(M11,2)=0,"OK","Justificar")
B12: ELO DÉBITO | C12: =ROUND(SUMIFS(Comandas!$K:$K,Comandas!$H:$H,$B12),2) | D12: 0 | E12: 0 | F12: 0 | G12: 0 | H12: 0 | I12: 0 | J12: =ROUND(SUMIFS(Comandas!$K:$K,Comandas!$H:$H,$B12,Comandas!$I:$I,"ONLINE"),2) | K12: 0 | L12: =SUM(D12:K12) | M12: =L12-C12 | N12: =IF(ROUND(M12,2)=0,"OK","Justificar")
B13: PIX | C13: =ROUND(SUMIFS(Comandas!$K:$K,Comandas!$H:$H,$B13),2) | D13: 0 | E13: 0 | F13: 0 | G13: 0 | H13: 0 | I13: 0 | J13: =ROUND(SUMIFS(Comandas!$K:$K,Comandas!$H:$H,$B13,Comandas!$I:$I,"ONLINE"),2) | K13: 0 | L13: =SUM(D13:K13) | M13: =L13-C13 | N13: =IF(ROUND(M13,2)=0,"OK","Justificar")
B14: DINERS | C14: =ROUND(SUMIFS(Comandas!$K:$K,Comandas!$H:$H,$B14),2) | D14: 0 | E14: 0 | F14: 0 | G14: 0 | H14: 0 | I14: 0 | J14: =ROUND(SUMIFS(Comandas!$K:$K,Comandas!$H:$H,$B14,Comandas!$I:$I,"ONLINE"),2) | K14: 0 | L14: =SUM(D14:K14) | M14: =L14-C14 | N14: =IF(ROUND(M14,2)=0,"OK","Justificar")
B15: TOTAIS | C15: =SUM(C6:C14) | D15: =SUM(D6:D14) | E15: =SUM(E6:E14) | F15: =SUM(F6:F14) | G15: =SUM(G6:G14) | H15: =SUM(H6:H14) | I15: =SUM(I6:I14) | J15: =SUM(J6:J14) | ... M15: =SUM(M6:M14)
B17: Células amarelas: fechamento de cada maquininha, digitado pelo auditor. Total do relatório e coluna online vêm da aba Comandas.
B18: Dados 100% fictícios, gerados por exemplos/gerar_exemplos.py

Sheet Comandas
A1: Data | B1: UH | C1: Tipo UH | D1: Reserva | E1: Conta | F1: Cód. Déb. | G1: Descrição | H1: BANDEIRA | I1: CANAL | J1: Valor (relatório) | K1: Valor (+) | L1: Documento | M1: Hora | N1: Usuário | O1: Designação
